provider,source_id,display_zoom,source_zoom,tile_x,tile_y,tile_url,layer_name,feature_index,mvt_id,geometry_type,properties_json,geometry_wkt,fetched_at
panoramax,panoramax_xyz_mvt,13,13,4196,2708,https://api.panoramax.xyz/api/map/13/4196/2708.mvt,sequences,0,0,LineString,"{""account_id"": ""f887e536-ca60-4c70-8f0c-fd480787296c"", ""date"": ""2020-07-15"", ""id"": ""1de6f4a1-73ac-4c75-ab7f-2a2aabddf50a"", ""model"": """", ""type"": ""flat""}","LINESTRING (4.40873623 51.92177978, 4.40817833 51.92124381, 4.40760970 51.92105854)",2026-05-20T08:29:29+00:00
panoramax,panoramax_xyz_mvt,13,13,4197,2708,https://api.panoramax.xyz/api/map/13/4197/2708.mvt,sequences,0,0,LineString,"{""account_id"": ""02ecc40d-9ba0-4cd8-bee1-1c5b494bdd3d"", ""date"": ""2025-06-21"", ""gps_accuracy"": 47.6, ""h_pixel_density"": 36, ""id"": ""3ff0350a-0821-4b86-aad1-c668f8685104"", ""model"": ""Apple iPhone 15"", ""type"": ""flat""}","LINESTRING (4.47192907 51.92129013, 4.47200418 51.92129675, 4.47207928 51.92131660, 4.47213292 51.92134968, 4.47220802 51.92137615, 4.47227240 51.92140262, 4.47254062 51.92143570, 4.47262645 51.92143570, 4.47271228 51.92144894, 4.47278738 51.92142909)",2026-05-20T08:29:30+00:00
panoramax,panoramax_xyz_mvt,13,13,4197,2708,https://api.panoramax.xyz/api/map/13/4197/2708.mvt,sequences,1,0,LineString,"{""account_id"": ""02ecc40d-9ba0-4cd8-bee1-1c5b494bdd3d"", ""date"": ""2025-06-21"", ""gps_accuracy"": 25.4, ""h_pixel_density"": 36, ""id"": ""040b826e-07e2-4175-95fd-397a6b20ea0d"", ""model"": ""Apple iPhone 15"", ""type"": ""flat""}","LINESTRING (4.47458982 51.92178640, 4.47465420 51.92180625, 4.47474003 51.92182610, 4.47480440 51.92184595, 4.47489023 51.92186580, 4.47496533 51.92188565, 4.47505116 51.92189227, 4.47512627 51.92189889, 4.47527647 51.92195182, 4.47535157 51.92195844, 4.47542667 51.92197829, 4.47551250 51.92196505, 4.47558761 51.92197829, 4.47567344 51.92197167, 4.47574854 51.92196505, 4.47583437 51.92195844, 4.47590947 51.92197829, 4.47605968 51.92203122, 4.47620988 51.92207754, 4.47637081 51.92207754, 4.47645664 51.92210401, 4.47652102 51.92213047, 4.47660685 51.92217018, 4.47667122 51.92221649, 4.47671413 51.92226281)",2026-05-20T08:29:30+00:00
panoramax,panoramax_xyz_mvt,13,13,4197,2708,https://api.panoramax.xyz/api/map/13/4197/2708.mvt,sequences,2,0,LineString,"{""account_id"": ""f887e536-ca60-4c70-8f0c-fd480787296c"", ""date"": ""2016-07-09"", ""gps_accuracy"": 5.0, ""id"": ""6e702976-580b-419c-8fb3-cf7bd364e6f8""}","LINESTRING (4.47689652 51.94330590, 4.47778702 51.94343156)",2026-05-20T08:29:30+00:00
panoramax,panoramax_xyz_mvt,13,13,4197,2709,https://api.panoramax.xyz/api/map/13/4197/2709.mvt,sequences,0,0,LineString,"{""account_id"": ""f887e536-ca60-4c70-8f0c-fd480787296c"", ""date"": ""2016-07-09"", ""gps_accuracy"": 5.0, ""id"": ""6e702976-580b-419c-8fb3-cf7bd364e6f8""}","LINESTRING (4.46661830 51.90543976, 4.46669340 51.90543976)",2026-05-20T08:29:31+00:00
panoramax,panoramax_xyz_mvt,13,13,4198,2708,https://api.panoramax.xyz/api/map/13/4198/2708.mvt,sequences,0,0,LineString,"{""account_id"": ""59efd8b7-aeb9-401e-8a28-fd4e6d58aa62"", ""date"": ""2019-03-18"", ""gps_accuracy"": 5.0, ""id"": ""8900a11d-ced2-4bee-bd63-2119d8158082"", ""model"": ""samsung SM-A520F"", ""type"": ""flat""}","LINESTRING (4.50686216 51.93868269, 4.50680852 51.93862978, 4.50586438 51.93868269, 4.50575709 51.93868931)",2026-05-20T08:29:32+00:00
panoramax,panoramax_xyz_mvt,13,13,4198,2708,https://api.panoramax.xyz/api/map/13/4198/2708.mvt,sequences,1,0,LineString,"{""account_id"": ""59efd8b7-aeb9-401e-8a28-fd4e6d58aa62"", ""date"": ""2019-03-18"", ""gps_accuracy"": 5.0, ""id"": ""92fcfb26-fb90-467e-9a07-be5aa4d981fb"", ""model"": ""samsung SM-A520F"", ""type"": ""flat""}","LINESTRING (4.49068308 51.93623531, 4.49042559 51.93583181, 4.49032903 51.93572597, 4.48999643 51.93568628)",2026-05-20T08:29:32+00:00
panoramax,panoramax_xyz_mvt,13,13,4198,2708,https://api.panoramax.xyz/api/map/13/4198/2708.mvt,sequences,2,0,LineString,"{""account_id"": ""59efd8b7-aeb9-401e-8a28-fd4e6d58aa62"", ""date"": ""2020-03-29"", ""gps_accuracy"": 5.0, ""id"": ""0a7bbf7a-e17e-45a6-9a2b-c9491c29fcf4"", ""model"": ""samsung SM-G960F"", ""type"": ""flat""}","LINESTRING (4.48904157 51.94152678, 4.48898792 51.94138128, 4.48905230 51.94126223, 4.48882699 51.94112995, 4.48841929 51.94109026)",2026-05-20T08:29:32+00:00
panoramax,panoramax_xyz_mvt,13,13,4198,2708,https://api.panoramax.xyz/api/map/13/4198/2708.mvt,sequences,3,0,LineString,"{""account_id"": ""59efd8b7-aeb9-401e-8a28-fd4e6d58aa62"", ""date"": ""2019-03-18"", ""gps_accuracy"": 5.0, ""id"": ""177e06d9-1f10-44f3-8f3a-cbf4d4ecd243"", ""model"": ""samsung SM-A520F"", ""type"": ""flat""}","LINESTRING (4.49760318 51.93755824, 4.49760318 51.93757146, 4.49732423 51.93776329)",2026-05-20T08:29:32+00:00
panoramax,panoramax_xyz_mvt,13,13,4198,2708,https://api.panoramax.xyz/api/map/13/4198/2708.mvt,sequences,4,0,LineString,"{""account_id"": ""59efd8b7-aeb9-401e-8a28-fd4e6d58aa62"", ""date"": ""2020-03-29"", ""gps_accuracy"": 5.0, ""id"": ""332e830c-993d-495c-bd94-3e0142b3cb9d"", ""model"": ""samsung SM-G960F"", ""type"": ""flat""}","LINESTRING (4.50331092 51.93862978, 4.50328946 51.93873561)",2026-05-20T08:29:32+00:00
panoramax,panoramax_xyz_mvt,13,13,4198,2708,https://api.panoramax.xyz/api/map/13/4198/2708.mvt,sequences,5,0,LineString,"{""account_id"": ""59efd8b7-aeb9-401e-8a28-fd4e6d58aa62"", ""date"": ""2019-03-18"", ""gps_accuracy"": 5.0, ""id"": ""248d2f3e-95cb-4dae-b34f-480c6bbede44"", ""model"": ""samsung SM-A520F"", ""type"": ""flat""}","LINESTRING (4.48819399 51.94086538, 4.48821545 51.94097121, 4.48892355 51.94120931, 4.48895574 51.94123577, 4.48891282 51.94132837)",2026-05-20T08:29:32+00:00
panoramax,panoramax_xyz_mvt,13,13,4198,2708,https://api.panoramax.xyz/api/map/13/4198/2708.mvt,sequences,6,0,LineString,"{""account_id"": ""59efd8b7-aeb9-401e-8a28-fd4e6d58aa62"", ""date"": ""2020-04-01"", ""gps_accuracy"": 5.0, ""id"": ""c184de0d-0d97-4dff-a920-085401d7365f"", ""model"": ""samsung SM-G960F"", ""type"": ""flat""}","LINESTRING (4.48683143 51.94217495, 4.48673487 51.94221463, 4.48664904 51.94251225, 4.48629498 51.94282310)",2026-05-20T08:29:32+00:00
panoramax,panoramax_xyz_mvt,13,13,4198,2708,https://api.panoramax.xyz/api/map/13/4198/2708.mvt,sequences,7,0,LineString,"{""account_id"": ""59efd8b7-aeb9-401e-8a28-fd4e6d58aa62"", ""date"": ""2020-03-29"", ""gps_accuracy"": 5.0, ""id"": ""f3832487-f43c-4c7c-98f7-354f985fbfa8"", ""model"": ""samsung SM-G960F"", ""type"": ""flat""}","LINESTRING (4.52636719 51.93998571, 4.52641010 51.94005185, 4.52682853 51.93995264, 4.52705383 51.93972114, 4.52711821 51.93969468, 4.52712893 51.93971452, 4.52746153 51.93984019, 4.52848077 51.93995925, 4.52875972 51.93996586, 4.52911377 51.93989972)",2026-05-20T08:29:32+00:00
panoramax,panoramax_xyz_mvt,13,13,4198,2708,https://api.panoramax.xyz/api/map/13/4198/2708.mvt,sequences,8,0,LineString,"{""account_id"": ""02ecc40d-9ba0-4cd8-bee1-1c5b494bdd3d"", ""date"": ""2025-06-21"", ""gps_accuracy"": 37.1, ""h_pixel_density"": 36, ""id"": ""062ee965-2f30-42f4-aed2-596792ab0c2e"", ""model"": ""Apple iPhone 15"", ""type"": ""flat""}","LINESTRING (4.48493242 51.92121735, 4.48499680 51.92119088, 4.48502898 51.92118426, 4.48510408 51.92118426)",2026-05-20T08:29:32+00:00
panoramax,panoramax_xyz_mvt,13,13,4198,2708,https://api.panoramax.xyz/api/map/13/4198/2708.mvt,sequences,9,0,LineString,"{""account_id"": ""59efd8b7-aeb9-401e-8a28-fd4e6d58aa62"", ""date"": ""2020-04-01"", ""gps_accuracy"": 5.0, ""id"": ""316fb524-22c6-480f-954d-ff5d3093f28d"", ""model"": ""samsung SM-G960F"", ""type"": ""flat""}","LINESTRING (4.48879480 51.94193685, 4.48886991 51.94194346)",2026-05-20T08:29:32+00:00
panoramax,panoramax_xyz_mvt,13,13,4198,2708,https://api.panoramax.xyz/api/map/13/4198/2708.mvt,sequences,10,0,MultiLineString,"{""account_id"": ""59efd8b7-aeb9-401e-8a28-fd4e6d58aa62"", ""date"": ""2020-04-01"", ""gps_accuracy"": 5.0, ""id"": ""131fe063-febf-4f82-9a36-305acfde4fe5"", ""model"": ""samsung SM-G960F"", ""type"": ""flat""}","MULTILINESTRING ((4.48683143 51.94239982, 4.48724985 51.94189055), (4.48839784 51.94190378, 4.48879480 51.94193685, 4.48886991 51.94194346, 4.48860168 51.94197653))",2026-05-20T08:29:32+00:00
panoramax,panoramax_xyz_mvt,13,13,4198,2708,https://api.panoramax.xyz/api/map/13/4198/2708.mvt,sequences,11,0,LineString,"{""account_id"": ""59efd8b7-aeb9-401e-8a28-fd4e6d58aa62"", ""date"": ""2020-03-29"", ""gps_accuracy"": 5.0, ""id"": ""2cfb9cf0-a9c9-4f32-892a-1854aa9cfa04"", ""model"": ""samsung SM-G960F"", ""type"": ""flat""}","LINESTRING (4.50087547 51.93802787, 4.50106859 51.93819323, 4.50119734 51.93821969)",2026-05-20T08:29:32+00:00
panoramax,panoramax_xyz_mvt,13,13,4198,2708,https://api.panoramax.xyz/api/map/13/4198/2708.mvt,sequences,12,0,LineString,"{""account_id"": ""59efd8b7-aeb9-401e-8a28-fd4e6d58aa62"", ""date"": ""2020-03-29"", ""gps_accuracy"": 5.0, ""id"": ""44094c39-738b-4568-89b7-7e38d3e60ce4"", ""model"": ""samsung SM-G960F"", ""type"": ""flat""}","LINESTRING (4.49882627 51.93658589, 4.49849367 51.93673141, 4.49838638 51.93675125, 4.49789286 51.93663219, 4.49719548 51.93652636, 4.49718475 51.93651974, 4.49656248 51.93634114)",2026-05-20T08:29:32+00:00
panoramax,panoramax_xyz_mvt,13,13,4198,2708,https://api.panoramax.xyz/api/map/13/4198/2708.mvt,sequences,13,0,LineString,"{""account_id"": ""59efd8b7-aeb9-401e-8a28-fd4e6d58aa62"", ""date"": ""2020-03-29"", ""gps_accuracy"": 5.0, ""id"": ""5fe7ea5a-77b0-4513-8f9a-76d5b182a1b5"", ""model"": ""samsung SM-G960F"", ""type"": ""flat""}","LINESTRING (4.50224876 51.93792203, 4.50217366 51.93791542, 4.50217366 51.93790881, 4.50207710 51.93786912, 4.50161576 51.93799479, 4.50111151 51.93814693)",2026-05-20T08:29:32+00:00
panoramax,panoramax_xyz_mvt,13,13,4198,2708,https://api.panoramax.xyz/api/map/13/4198/2708.mvt,sequences,14,0,LineString,"{""account_id"": ""59efd8b7-aeb9-401e-8a28-fd4e6d58aa62"", ""date"": ""2020-03-29"", ""gps_accuracy"": 5.0, ""id"": ""b1418c96-14ce-4b90-a826-50e2477281ba"", ""model"": ""samsung SM-G960F"", ""type"": ""flat""}","LINESTRING (4.52281594 51.93943011, 4.52284813 51.93946318)",2026-05-20T08:29:32+00:00
panoramax,panoramax_xyz_mvt,13,13,4198,2708,https://api.panoramax.xyz/api/map/13/4198/2708.mvt,sequences,15,0,LineString,"{""account_id"": ""59efd8b7-aeb9-401e-8a28-fd4e6d58aa62"", ""date"": ""2020-03-29"", ""gps_accuracy"": 5.0, ""id"": ""310ac110-3e16-48cc-b2bf-63d234e0ccba"", ""model"": ""samsung SM-G960F"", ""type"": ""flat""}","LINESTRING (4.49008226 51.93563998, 4.49012518 51.93566644, 4.49023247 51.93571274)",2026-05-20T08:29:32+00:00
panoramax,panoramax_xyz_mvt,13,13,4198,2708,https://api.panoramax.xyz/api/map/13/4198/2708.mvt,sequences,16,0,LineString,"{""account_id"": ""59efd8b7-aeb9-401e-8a28-fd4e6d58aa62"", ""date"": ""2020-03-29"", ""gps_accuracy"": 5.0, ""id"": ""35a468d3-9096-4b0b-ba12-ed2724ec8e67"", ""model"": ""samsung SM-G960F"", ""type"": ""flat""}","LINESTRING (4.52353477 51.93948303, 4.52310562 51.93951610)",2026-05-20T08:29:32+00:00
panoramax,panoramax_xyz_mvt,13,13,4198,2708,https://api.panoramax.xyz/api/map/13/4198/2708.mvt,sequences,17,0,LineString,"{""account_id"": ""59efd8b7-aeb9-401e-8a28-fd4e6d58aa62"", ""date"": ""2019-03-18"", ""gps_accuracy"": 5.0, ""id"": ""ab7dcb85-0aa0-4c45-80d8-7883ece2f86e"", ""model"": ""samsung SM-A520F"", ""type"": ""flat""}","LINESTRING (4.49881554 51.93657927, 4.49883699 51.93657927, 4.49826837 51.93608978)",2026-05-20T08:29:32+00:00
panoramax,panoramax_xyz_mvt,13,13,4198,2708,https://api.panoramax.xyz/api/map/13/4198/2708.mvt,sequences,18,0,LineString,"{""account_id"": ""59efd8b7-aeb9-401e-8a28-fd4e6d58aa62"", ""date"": ""2019-03-18"", ""gps_accuracy"": 5.0, ""id"": ""ecba0a38-2e0d-4b7c-8083-a4e7d8e969eb"", ""model"": ""samsung SM-A520F"", ""type"": ""flat""}","LINESTRING (4.50125098 51.93817338, 4.50112224 51.93821969, 4.50091839 51.93804109)",2026-05-20T08:29:32+00:00
panoramax,panoramax_xyz_mvt,13,13,4198,2708,https://api.panoramax.xyz/api/map/13/4198/2708.mvt,sequences,19,0,LineString,"{""account_id"": ""59efd8b7-aeb9-401e-8a28-fd4e6d58aa62"", ""date"": ""2019-03-18"", ""gps_accuracy"": 5.0, ""id"": ""6433956c-6b18-43c3-9102-e00737bc86b3"", ""model"": ""samsung SM-A520F"", ""type"": ""flat""}","LINESTRING (4.48770046 51.93699600, 4.48768973 51.93691662)",2026-05-20T08:29:32+00:00
panoramax,panoramax_xyz_mvt,13,13,4198,2708,https://api.panoramax.xyz/api/map/13/4198/2708.mvt,sequences,20,0,LineString,"{""account_id"": ""02ecc40d-9ba0-4cd8-bee1-1c5b494bdd3d"", ""date"": ""2025-06-21"", ""gps_accuracy"": 68.9, ""h_pixel_density"": 36, ""id"": ""52a067d1-2f7e-4cb6-8ab0-f41096a118cc"", ""model"": ""Apple iPhone 15"", ""type"": ""flat""}","LINESTRING (4.49033976 51.91984100, 4.49040413 51.91988070, 4.49032903 51.91986747, 4.49025393 51.91983438, 4.49018955 51.91979468, 4.49011445 51.91976159, 4.49002862 51.91980130, 4.48998570 51.91975498, 4.48991060 51.91971527, 4.48987842 51.91966233, 4.48968530 51.91962925, 4.48976040 51.91960278, 4.48988914 51.91960278, 4.48991060 51.91958955, 4.48993206 51.91953661, 4.48988914 51.91949029)",2026-05-20T08:29:32+00:00
panoramax,panoramax_xyz_mvt,13,13,4198,2708,https://api.panoramax.xyz/api/map/13/4198/2708.mvt,sequences,21,0,LineString,"{""account_id"": ""59efd8b7-aeb9-401e-8a28-fd4e6d58aa62"", ""date"": ""2019-03-18"", ""gps_accuracy"": 5.0, ""id"": ""742b2a45-0b60-4ef7-953d-83e13ca085d8"", ""model"": ""samsung SM-A520F"", ""type"": ""flat""}","LINESTRING (4.52413559 51.93937720, 4.52407122 51.93940365, 4.52366352 51.93950287, 4.52305198 51.93953594, 4.52309489 51.93953594, 4.52315927 51.93950287, 4.52305198 51.93949625)",2026-05-20T08:29:32+00:00
panoramax,panoramax_xyz_mvt,13,13,4198,2708,https://api.panoramax.xyz/api/map/13/4198/2708.mvt,sequences,22,0,LineString,"{""account_id"": ""59efd8b7-aeb9-401e-8a28-fd4e6d58aa62"", ""date"": ""2020-03-29"", ""gps_accuracy"": 5.0, ""id"": ""8f1a459d-ee57-4905-a227-c3306e16e3da"", ""model"": ""samsung SM-G960F"", ""type"": ""flat""}","LINESTRING (4.49883699 51.93657266, 4.49880481 51.93664542, 4.49894428 51.93678433, 4.49896574 51.93687032, 4.49921250 51.93692324)",2026-05-20T08:29:32+00:00
panoramax,panoramax_xyz_mvt,13,13,4198,2708,https://api.panoramax.xyz/api/map/13/4198/2708.mvt,sequences,23,0,LineString,"{""account_id"": ""59efd8b7-aeb9-401e-8a28-fd4e6d58aa62"", ""date"": ""2020-03-29"", ""gps_accuracy"": 5.0, ""id"": ""a10ff0fa-a467-42f6-850f-b05ba5bf138d"", ""model"": ""samsung SM-G960F"", ""type"": ""flat""}","LINESTRING (4.49992061 51.93724074, 4.49916959 51.93692324, 4.49900866 51.93689678, 4.49900866 51.93677110)",2026-05-20T08:29:32+00:00
panoramax,panoramax_xyz_mvt,13,13,4198,2708,https://api.panoramax.xyz/api/map/13/4198/2708.mvt,sequences,24,0,LineString,"{""account_id"": ""59efd8b7-aeb9-401e-8a28-fd4e6d58aa62"", ""date"": ""2019-03-18"", ""gps_accuracy"": 5.0, ""id"": ""95ad76f9-3d53-48a4-815b-f916346135b0"", ""model"": ""samsung SM-A520F"", ""type"": ""flat""}","LINESTRING (4.52716112 51.93973437, 4.52700019 51.93968145, 4.52687144 51.93990634, 4.52684999 51.93999894, 4.52662468 51.94001216, 4.52641010 51.94005185, 4.52641010 51.93993279, 4.52618480 51.93983358, 4.52615261 51.93976744)",2026-05-20T08:29:32+00:00
panoramax,panoramax_xyz_mvt,13,13,4198,2708,https://api.panoramax.xyz/api/map/13/4198/2708.mvt,sequences,25,0,LineString,"{""account_id"": ""59efd8b7-aeb9-401e-8a28-fd4e6d58aa62"", ""date"": ""2020-04-01"", ""gps_accuracy"": 5.0, ""id"": ""12310b55-05c5-4692-9dde-daeb7ea6345e"", ""model"": ""samsung SM-G960F"", ""type"": ""flat""}","LINESTRING (4.48829055 51.94552805, 4.48822618 51.94546853, 4.48795795 51.94534949, 4.48756099 51.94524367, 4.48753953 51.94524367, 4.48745370 51.94521061, 4.48740005 51.94521722, 4.48737860 51.94523045, 4.48742151 51.94518415, 4.48752880 51.94495930, 4.48758245 51.94490639, 4.48732495 51.94474105, 4.48730350 51.94473444, 4.48724985 51.94470798, 4.48719621 51.94468814, 4.48654175 51.94423181)",2026-05-20T08:29:32+00:00
panoramax,panoramax_xyz_mvt,13,13,4198,2708,https://api.panoramax.xyz/api/map/13/4198/2708.mvt,sequences,26,0,LineString,"{""account_id"": ""59efd8b7-aeb9-401e-8a28-fd4e6d58aa62"", ""date"": ""2020-03-29"", ""gps_accuracy"": 5.0, ""id"": ""28e15874-698b-4711-ad0d-7859841c93fc"", ""model"": ""samsung SM-G960F"", ""type"": ""flat""}","LINESTRING (4.49334383 51.93741272, 4.49321508 51.93747886, 4.49275374 51.93757808)",2026-05-20T08:29:32+00:00
panoramax,panoramax_xyz_mvt,13,13,4198,2708,https://api.panoramax.xyz/api/map/13/4198/2708.mvt,sequences,27,0,LineString,"{""account_id"": ""59efd8b7-aeb9-401e-8a28-fd4e6d58aa62"", ""date"": ""2020-03-29"", ""gps_accuracy"": 5.0, ""id"": ""7962780b-d1d7-4cc2-a86c-e092d998cb50"", ""model"": ""samsung SM-G960F"", ""type"": ""flat""}","LINESTRING (4.48804379 51.94050161, 4.48819399 51.94077279, 4.48822618 51.94086538, 4.48888063 51.94114317, 4.48891282 51.94116963, 4.48892355 51.94130852, 4.48891282 51.94136805)",2026-05-20T08:29:32+00:00
panoramax,panoramax_xyz_mvt,13,13,4198,2708,https://api.panoramax.xyz/api/map/13/4198/2708.mvt,sequences,28,0,LineString,"{""account_id"": ""59efd8b7-aeb9-401e-8a28-fd4e6d58aa62"", ""date"": ""2020-03-29"", ""gps_accuracy"": 5.0, ""id"": ""3b452706-03a5-4e7c-b914-77a30f268d92"", ""model"": ""samsung SM-G960F"", ""type"": ""flat""}","LINESTRING (4.49021101 51.93569951, 4.49017882 51.93562675, 4.49002862 51.93562013)",2026-05-20T08:29:32+00:00
panoramax,panoramax_xyz_mvt,13,13,4198,2708,https://api.panoramax.xyz/api/map/13/4198/2708.mvt,sequences,29,0,LineString,"{""account_id"": ""59efd8b7-aeb9-401e-8a28-fd4e6d58aa62"", ""date"": ""2020-03-29"", ""gps_accuracy"": 5.0, ""id"": ""b7b8812e-b8b4-45e1-8dcd-e0c99ac98896"", ""model"": ""samsung SM-G960F"", ""type"": ""flat""}","LINESTRING (4.48877335 51.93606332, 4.48816180 51.93629484, 4.48811889 51.93630807)",2026-05-20T08:29:32+00:00
panoramax,panoramax_xyz_mvt,13,13,4198,2708,https://api.panoramax.xyz/api/map/13/4198/2708.mvt,sequences,30,0,LineString,"{""account_id"": ""59efd8b7-aeb9-401e-8a28-fd4e6d58aa62"", ""date"": ""2019-03-18"", ""gps_accuracy"": 5.0, ""id"": ""1c715892-0324-48f8-b14d-e7d53e83b0d9"", ""model"": ""samsung SM-A520F"", ""type"": ""flat""}","LINESTRING (4.50017810 51.93744579, 4.49974895 51.93719443, 4.49899793 51.93686370, 4.49904084 51.93672480, 4.49901938 51.93673803, 4.49878335 51.93666526, 4.49875116 51.93662558)",2026-05-20T08:29:32+00:00
panoramax,panoramax_xyz_mvt,13,13,4198,2708,https://api.panoramax.xyz/api/map/13/4198/2708.mvt,sequences,31,0,LineString,"{""account_id"": ""59efd8b7-aeb9-401e-8a28-fd4e6d58aa62"", ""date"": ""2019-03-18"", ""gps_accuracy"": 5.0, ""id"": ""10786f20-4047-4078-9f3f-c41bdede9de2"", ""model"": ""samsung SM-A520F"", ""type"": ""flat""}","LINESTRING (4.50323582 51.93840489, 4.50326800 51.93827260, 4.50280666 51.93800141, 4.50234532 51.93794188, 4.50232387 51.93794188, 4.50218439 51.93790219, 4.50208783 51.93790219, 4.50194836 51.93792203, 4.50193763 51.93792203)",2026-05-20T08:29:32+00:00
panoramax,panoramax_xyz_mvt,13,13,4198,2708,https://api.panoramax.xyz/api/map/13/4198/2708.mvt,sequences,32,0,MultiLineString,"{""account_id"": ""59efd8b7-aeb9-401e-8a28-fd4e6d58aa62"", ""date"": ""2019-03-18"", ""gps_accuracy"": 5.0, ""id"": ""90ef592a-5bda-4f9b-9c83-0aa3e7b8b63d"", ""model"": ""samsung SM-A520F"", ""type"": ""flat""}","MULTILINESTRING ((4.48770046 51.93699600, 4.48768973 51.93691662), (4.48852658 51.93610301, 4.48840857 51.93611624, 4.48809743 51.93636099))",2026-05-20T08:29:32+00:00
panoramax,panoramax_xyz_mvt,13,13,4198,2708,https://api.panoramax.xyz/api/map/13/4198/2708.mvt,sequences,33,0,LineString,"{""account_id"": ""59efd8b7-aeb9-401e-8a28-fd4e6d58aa62"", ""date"": ""2019-03-18"", ""gps_accuracy"": 5.0, ""id"": ""b374e89e-bfef-4ee0-9ccd-70051f5c1811"", ""model"": ""samsung SM-A520F"", ""type"": ""flat""}","LINESTRING (4.49663758 51.93634114, 4.49664831 51.93636099, 4.49698091 51.93648005, 4.49761391 51.93663881, 4.49811816 51.93681740, 4.49841857 51.93683063, 4.49782848 51.93662558, 4.49723840 51.93648005, 4.49653029 51.93630146, 4.49558616 51.93610963, 4.49542522 51.93606994, 4.49526429 51.93604348, 4.49488878 51.93621546)",2026-05-20T08:29:32+00:00
panoramax,panoramax_xyz_mvt,13,13,4198,2708,https://api.panoramax.xyz/api/map/13/4198/2708.mvt,sequences,34,0,LineString,"{""account_id"": ""59efd8b7-aeb9-401e-8a28-fd4e6d58aa62"", ""date"": ""2019-03-18"", ""gps_accuracy"": 5.0, ""id"": ""a7aad622-0cfe-40a0-a4a3-8e1521a3bd4b"", ""model"": ""samsung SM-A520F"", ""type"": ""flat""}","LINESTRING (4.48606968 51.93876868, 4.48602676 51.93883482)",2026-05-20T08:29:32+00:00
panoramax,panoramax_xyz_mvt,13,13,4198,2708,https://api.panoramax.xyz/api/map/13/4198/2708.mvt,sequences,35,0,LineString,"{""account_id"": ""59efd8b7-aeb9-401e-8a28-fd4e6d58aa62"", ""date"": ""2019-03-18"", ""gps_accuracy"": 5.0, ""id"": ""064ba51b-7aa0-4db6-b57e-e713a56cdec5"", ""model"": ""samsung SM-A520F"", ""type"": ""flat""}","LINESTRING (4.48673487 51.94245934, 4.48628426 51.94272389)",2026-05-20T08:29:32+00:00
panoramax,panoramax_xyz_mvt,13,13,4198,2708,https://api.panoramax.xyz/api/map/13/4198/2708.mvt,sequences,36,0,LineString,"{""account_id"": ""59efd8b7-aeb9-401e-8a28-fd4e6d58aa62"", ""date"": ""2020-03-29"", ""gps_accuracy"": 5.0, ""id"": ""52aec5f5-4ce9-4eff-9aea-9faea15e6d84"", ""model"": ""samsung SM-G960F"", ""type"": ""flat""}","LINESTRING (4.50184107 51.93798156, 4.50196981 51.93795511, 4.50231314 51.93799479, 4.50303197 51.93802787)",2026-05-20T08:29:32+00:00
panoramax,panoramax_xyz_mvt,13,13,4198,2708,https://api.panoramax.xyz/api/map/13/4198/2708.mvt,sequences,37,0,LineString,"{""account_id"": ""59efd8b7-aeb9-401e-8a28-fd4e6d58aa62"", ""date"": ""2020-03-29"", ""gps_accuracy"": 5.0, ""id"": ""9a18b3d4-beb8-40cf-8d6f-14f1fa7d41f5"", ""model"": ""samsung SM-G960F"", ""type"": ""flat""}","LINESTRING (4.49492097 51.93602364, 4.49459910 51.93610301, 4.49454546 51.93614932)",2026-05-20T08:29:32+00:00
panoramax,panoramax_xyz_mvt,13,13,4198,2708,https://api.panoramax.xyz/api/map/13/4198/2708.mvt,sequences,38,0,LineString,"{""account_id"": ""59efd8b7-aeb9-401e-8a28-fd4e6d58aa62"", ""date"": ""2019-03-18"", ""gps_accuracy"": 5.0, ""id"": ""6b0ab22d-4b06-462b-b2d8-5cac5ed3b459"", ""model"": ""samsung SM-A520F"", ""type"": ""flat""}","LINESTRING (4.50366497 51.93884144, 4.50305343 51.93893404)",2026-05-20T08:29:32+00:00
panoramax,panoramax_xyz_mvt,13,13,4198,2708,https://api.panoramax.xyz/api/map/13/4198/2708.mvt,sequences,39,0,LineString,"{""account_id"": ""59efd8b7-aeb9-401e-8a28-fd4e6d58aa62"", ""date"": ""2019-03-18"", ""gps_accuracy"": 5.0, ""id"": ""725825d7-e7f4-4832-a884-8d41135aca0d"", ""model"": ""samsung SM-A520F"", ""type"": ""flat""}","LINESTRING (4.51393247 51.94253871, 4.51364279 51.94251887, 4.51326728 51.94240643)",2026-05-20T08:29:32+00:00
panoramax,panoramax_xyz_mvt,13,13,4198,2708,https://api.panoramax.xyz/api/map/13/4198/2708.mvt,sequences,40,0,LineString,"{""account_id"": ""59efd8b7-aeb9-401e-8a28-fd4e6d58aa62"", ""date"": ""2019-03-18"", ""gps_accuracy"": 5.0, ""id"": ""8515ad22-87c2-43a0-895a-940fba98b073"", ""model"": ""samsung SM-A520F"", ""type"": ""flat""}","LINESTRING (4.51054215 51.94142096, 4.51052070 51.94142758, 4.50987697 51.94121593)",2026-05-20T08:29:32+00:00
panoramax,panoramax_xyz_mvt,13,13,4198,2708,https://api.panoramax.xyz/api/map/13/4198/2708.mvt,sequences,41,0,LineString,"{""account_id"": ""59efd8b7-aeb9-401e-8a28-fd4e6d58aa62"", ""date"": ""2019-03-18"", ""gps_accuracy"": 5.0, ""id"": ""ba91bf88-8979-4bb6-865d-e2b8e20484e1"", ""model"": ""samsung SM-A520F"", ""type"": ""flat""}","LINESTRING (4.49308634 51.93751855, 4.49295759 51.93762438, 4.49277520 51.93772360, 4.49251771 51.93765745)",2026-05-20T08:29:32+00:00
panoramax,panoramax_xyz_mvt,13,13,4198,2708,https://api.panoramax.xyz/api/map/13/4198/2708.mvt,sequences,42,0,LineString,"{""account_id"": ""59efd8b7-aeb9-401e-8a28-fd4e6d58aa62"", ""date"": ""2019-03-18"", ""gps_accuracy"": 5.0, ""id"": ""e03ac365-182b-498c-8b05-2e48f3fff323"", ""model"": ""samsung SM-A520F"", ""type"": ""flat""}","LINESTRING (4.49568272 51.93907955, 4.49568272 51.93909278)",2026-05-20T08:29:32+00:00
panoramax,panoramax_xyz_mvt,13,13,4198,2708,https://api.panoramax.xyz/api/map/13/4198/2708.mvt,sequences,43,0,LineString,"{""account_id"": ""59efd8b7-aeb9-401e-8a28-fd4e6d58aa62"", ""date"": ""2019-03-18"", ""gps_accuracy"": 5.0, ""id"": ""e990c402-e5c2-475e-84e2-e49db6d2d0c5"", ""model"": ""samsung SM-A520F"", ""type"": ""flat""}","LINESTRING (4.51052070 51.94142758, 4.50987697 51.94121593)",2026-05-20T08:29:32+00:00
panoramax,panoramax_xyz_mvt,13,13,4199,2708,https://api.panoramax.xyz/api/map/13/4199/2708.mvt,sequences,0,0,LineString,"{""account_id"": ""59efd8b7-aeb9-401e-8a28-fd4e6d58aa62"", ""date"": ""2020-03-29"", ""gps_accuracy"": 5.0, ""id"": ""f3832487-f43c-4c7c-98f7-354f985fbfa8"", ""model"": ""samsung SM-G960F"", ""type"": ""flat""}","LINESTRING (4.52636719 51.93998571, 4.52641010 51.94005185, 4.52682853 51.93995264, 4.52705383 51.93972114, 4.52711821 51.93969468, 4.52712893 51.93971452, 4.52746153 51.93984019, 4.52848077 51.93995925, 4.52875972 51.93996586, 4.52953219 51.93982697, 4.52988625 51.93968145)",2026-05-20T08:29:33+00:00
panoramax,panoramax_xyz_mvt,13,13,4199,2708,https://api.panoramax.xyz/api/map/13/4199/2708.mvt,sequences,1,0,LineString,"{""account_id"": ""59efd8b7-aeb9-401e-8a28-fd4e6d58aa62"", ""date"": ""2020-03-29"", ""gps_accuracy"": 5.0, ""id"": ""674beaf4-c947-4130-a761-fd51805e4db5"", ""model"": ""samsung SM-G960F"", ""type"": ""flat""}","LINESTRING (4.55947638 51.94077279, 4.55950856 51.94077940)",2026-05-20T08:29:33+00:00
panoramax,panoramax_xyz_mvt,13,13,4199,2708,https://api.panoramax.xyz/api/map/13/4199/2708.mvt,sequences,2,0,LineString,"{""account_id"": ""59efd8b7-aeb9-401e-8a28-fd4e6d58aa62"", ""date"": ""2019-03-18"", ""gps_accuracy"": 5.0, ""id"": ""382959f6-8889-4a48-b510-596fbd655fa2"", ""model"": ""samsung SM-A520F"", ""type"": ""flat""}","LINESTRING (4.57061291 51.94218818, 4.57052708 51.94211542, 4.57048416 51.94210881, 4.57048416 51.94218156, 4.57045197 51.94220140, 4.57032323 51.94236014, 4.57025886 51.94247918)",2026-05-20T08:29:33+00:00
panoramax,panoramax_xyz_mvt,13,13,4199,2708,https://api.panoramax.xyz/api/map/13/4199/2708.mvt,sequences,3,0,LineString,"{""account_id"": ""59efd8b7-aeb9-401e-8a28-fd4e6d58aa62"", ""date"": ""2019-03-18"", ""gps_accuracy"": 5.0, ""id"": ""4443d528-9b57-4d2f-81b5-a02df222b635"", ""model"": ""samsung SM-A520F"", ""type"": ""flat""}","LINESTRING (4.53610897 51.94087200, 4.53516483 51.94071326, 4.53502536 51.94067358)",2026-05-20T08:29:33+00:00
panoramax,panoramax_xyz_mvt,13,13,4199,2708,https://api.panoramax.xyz/api/map/13/4199/2708.mvt,sequences,4,0,LineString,"{""account_id"": ""59efd8b7-aeb9-401e-8a28-fd4e6d58aa62"", ""date"": ""2019-03-18"", ""gps_accuracy"": 5.0, ""id"": ""77409bb4-b124-4566-992b-84f4e3448e13"", ""model"": ""samsung SM-A520F"", ""type"": ""flat""}","LINESTRING (4.55961585 51.94082570, 4.55948710 51.94081909, 4.55940127 51.94092491, 4.55926180 51.94119609, 4.55917597 51.94126884, 4.55841422 51.94122916, 4.55799580 51.94119609, 4.55727696 51.94111010, 4.55682635 51.94104396, 4.55626845 51.94093814, 4.55613971 51.94091168, 4.55564618 51.94081247)",2026-05-20T08:29:33+00:00
panoramax,panoramax_xyz_mvt,13,13,4199,2708,https://api.panoramax.xyz/api/map/13/4199/2708.mvt,sequences,5,0,LineString,"{""account_id"": ""59efd8b7-aeb9-401e-8a28-fd4e6d58aa62"", ""date"": ""2019-03-18"", ""gps_accuracy"": 5.0, ""id"": ""4fe74de2-9e84-48b3-ad6d-619b57855c52"", ""model"": ""samsung SM-A520F"", ""type"": ""flat""}","LINESTRING (4.53287959 51.94062728, 4.53282595 51.94062728)",2026-05-20T08:29:33+00:00
panoramax,panoramax_xyz_mvt,13,13,4199,2708,https://api.panoramax.xyz/api/map/13/4199/2708.mvt,sequences,6,0,LineString,"{""account_id"": ""59efd8b7-aeb9-401e-8a28-fd4e6d58aa62"", ""date"": ""2019-03-18"", ""gps_accuracy"": 5.0, ""id"": ""7a8e25cc-3236-4085-88a2-368249175ce3"", ""model"": ""samsung SM-A520F"", ""type"": ""flat""}","LINESTRING (4.54755664 51.93950948, 4.54739571 51.93948303, 4.54733133 51.93950287, 4.54734206 51.93948303)",2026-05-20T08:29:33+00:00
panoramax,panoramax_xyz_mvt,13,13,4199,2708,https://api.panoramax.xyz/api/map/13/4199/2708.mvt,sequences,7,0,LineString,"{""account_id"": ""59efd8b7-aeb9-401e-8a28-fd4e6d58aa62"", ""date"": ""2019-03-18"", ""gps_accuracy"": 5.0, ""id"": ""95ad76f9-3d53-48a4-815b-f916346135b0"", ""model"": ""samsung SM-A520F"", ""type"": ""flat""}","LINESTRING (4.52716112 51.93973437, 4.52700019 51.93968145, 4.52687144 51.93990634, 4.52684999 51.93999894, 4.52662468 51.94001216, 4.52641010 51.94005185, 4.52641010 51.93993279, 4.52618480 51.93983358, 4.52615261 51.93976744)",2026-05-20T08:29:33+00:00
panoramax,panoramax_xyz_mvt,13,13,4199,2708,https://api.panoramax.xyz/api/map/13/4199/2708.mvt,sequences,8,0,LineString,"{""account_id"": ""59efd8b7-aeb9-401e-8a28-fd4e6d58aa62"", ""date"": ""2019-03-18"", ""gps_accuracy"": 5.0, ""id"": ""de909359-430c-4605-a344-2f8e1cb940ef"", ""model"": ""samsung SM-A520F"", ""type"": ""flat""}","LINESTRING (4.55147266 51.94015768, 4.55114007 51.94009153, 4.55097914 51.94001878)",2026-05-20T08:29:33+00:00
panoramax,panoramax_xyz_mvt,13,13,4199,2708,https://api.panoramax.xyz/api/map/13/4199/2708.mvt,sequences,9,0,LineString,"{""account_id"": ""59efd8b7-aeb9-401e-8a28-fd4e6d58aa62"", ""date"": ""2019-03-18"", ""gps_accuracy"": 5.0, ""id"": ""ecbd2c0f-c7f9-4ca6-9188-8a8240ae5094"", ""model"": ""samsung SM-A520F"", ""type"": ""flat""}","LINESTRING (4.56157923 51.94114317, 4.56132174 51.94112333)",2026-05-20T08:29:33+00:00
panoramax,panoramax_xyz_mvt,13,13,4199,2708,https://api.panoramax.xyz/api/map/13/4199/2708.mvt,sequences,10,0,LineString,"{""account_id"": ""59efd8b7-aeb9-401e-8a28-fd4e6d58aa62"", ""date"": ""2019-03-18"", ""gps_accuracy"": 5.0, ""id"": ""ce922f4a-6b1d-4828-be14-05a9dec1858e"", ""model"": ""samsung SM-A520F"", ""type"": ""flat""}","LINESTRING (4.54619408 51.94175166, 4.54616189 51.94180457, 4.54612970 51.94182441, 4.54616189 51.94182441, 4.54605460 51.94185748, 4.54582930 51.94175166)",2026-05-20T08:29:33+00:00
panoramax,panoramax_xyz_mvt,13,13,4199,2708,https://api.panoramax.xyz/api/map/13/4199/2708.mvt,sequences,11,0,LineString,"{""account_id"": ""59efd8b7-aeb9-401e-8a28-fd4e6d58aa62"", ""date"": ""2019-03-18"", ""gps_accuracy"": 5.0, ""id"": ""de9a2332-9e12-43d8-ad87-f045fd2072da"", ""model"": ""samsung SM-A520F"", ""type"": ""flat""}","LINESTRING (4.52908158 51.93985342, 4.52883482 51.93991956)",2026-05-20T08:29:33+00:00
panoramax,panoramax_xyz_mvt,13,13,4199,2708,https://api.panoramax.xyz/api/map/13/4199/2708.mvt,sequences,12,0,LineString,"{""account_id"": ""59efd8b7-aeb9-401e-8a28-fd4e6d58aa62"", ""date"": ""2020-03-29"", ""gps_accuracy"": 5.0, ""id"": ""2282c0d8-db77-4ba8-9a4d-5bcfb03c3724"", ""model"": ""samsung SM-G960F"", ""type"": ""flat""}","LINESTRING (4.56150413 51.94111672, 4.56146121 51.94107703, 4.56118226 51.94112333)",2026-05-20T08:29:33+00:00
panoramax,panoramax_xyz_mvt,13,13,4199,2708,https://api.panoramax.xyz/api/map/13/4199/2708.mvt,sequences,13,0,LineString,"{""account_id"": ""59efd8b7-aeb9-401e-8a28-fd4e6d58aa62"", ""date"": ""2020-03-29"", ""gps_accuracy"": 5.0, ""id"": ""9a14d49b-2f39-47cc-9275-2877901d30cb"", ""model"": ""samsung SM-G960F"", ""type"": ""flat""}","LINESTRING (4.55777049 51.94120931, 4.55682635 51.94101751, 4.55683708 51.94100428, 4.55683708 51.94099767, 4.55675125 51.94098444)",2026-05-20T08:29:33+00:00
panoramax,panoramax_xyz_mvt,13,13,4199,2708,https://api.panoramax.xyz/api/map/13/4199/2708.mvt,sequences,14,0,LineString,"{""account_id"": ""59efd8b7-aeb9-401e-8a28-fd4e6d58aa62"", ""date"": ""2020-03-29"", ""gps_accuracy"": 5.0, ""id"": ""ab2cc5d5-7ecb-4f39-bc5e-4c9ae254965f"", ""model"": ""samsung SM-G960F"", ""type"": ""flat""}","LINESTRING (4.55715895 51.94108365, 4.55785632 51.94118947)",2026-05-20T08:29:33+00:00
panoramax,panoramax_xyz_mvt,13,13,4199,2708,https://api.panoramax.xyz/api/map/13/4199/2708.mvt,sequences,15,0,LineString,"{""account_id"": ""59efd8b7-aeb9-401e-8a28-fd4e6d58aa62"", ""date"": ""2020-03-29"", ""gps_accuracy"": 5.0, ""id"": ""010553a8-9607-484f-a1f9-c6e991368c94"", ""model"": ""samsung SM-G960F"", ""type"": ""flat""}","LINESTRING (4.57060218 51.94209558, 4.57035542 51.94233368, 4.57028031 51.94244612)",2026-05-20T08:29:33+00:00
panoramax,panoramax_xyz_mvt,13,13,4199,2708,https://api.panoramax.xyz/api/map/13/4199/2708.mvt,sequences,16,0,LineString,"{""account_id"": ""59efd8b7-aeb9-401e-8a28-fd4e6d58aa62"", ""date"": ""2020-03-29"", ""gps_accuracy"": 5.0, ""id"": ""e9d6c340-b367-464f-9603-fd566efc1474"", ""model"": ""samsung SM-G960F"", ""type"": ""flat""}","LINESTRING (4.53481078 51.94063389, 4.53483224 51.94063389, 4.53495026 51.94066035)",2026-05-20T08:29:33+00:00
panoramax,panoramax_xyz_mvt,13,13,4199,2708,https://api.panoramax.xyz/api/map/13/4199/2708.mvt,sequences,17,0,LineString,"{""account_id"": ""59efd8b7-aeb9-401e-8a28-fd4e6d58aa62"", ""date"": ""2019-03-18"", ""gps_accuracy"": 5.0, ""id"": ""7271a59d-4423-4ff9-be49-aaa4fe3ab2be"", ""model"": ""samsung SM-A520F"", ""type"": ""flat""}","LINESTRING (4.53869462 51.94128868, 4.53838348 51.94124900)",2026-05-20T08:29:33+00:00
panoramax,panoramax_xyz_mvt,13,13,4199,2708,https://api.panoramax.xyz/api/map/13/4199/2708.mvt,sequences,18,0,LineString,"{""account_id"": ""59efd8b7-aeb9-401e-8a28-fd4e6d58aa62"", ""date"": ""2019-03-18"", ""gps_accuracy"": 5.0, ""id"": ""f8262983-b1b0-4249-9a98-14a296fbf1d3"", ""model"": ""samsung SM-A520F"", ""type"": ""flat""}","LINESTRING (4.53095913 51.93992618, 4.53006864 51.93974098, 4.52997208 51.93966822, 4.52956438 51.93962854, 4.52952147 51.93966161)",2026-05-20T08:29:33+00:00
panoramax,panoramax_xyz_mvt,13,13,4199,2708,https://api.panoramax.xyz/api/map/13/4199/2708.mvt,sequences,19,0,LineString,"{""account_id"": ""59efd8b7-aeb9-401e-8a28-fd4e6d58aa62"", ""date"": ""2020-03-29"", ""gps_accuracy"": 5.0, ""id"": ""51419124-68da-4e53-b22f-bb6f7e9ee16f"", ""model"": ""samsung SM-G960F"", ""type"": ""flat""}","LINESTRING (4.56969023 51.94239320, 4.57019448 51.94247918, 4.57040906 51.94224109, 4.57046270 51.94212204, 4.57047343 51.94208897)",2026-05-20T08:29:33+00:00
panoramax,panoramax_xyz_mvt,13,13,4199,2708,https://api.panoramax.xyz/api/map/13/4199/2708.mvt,sequences,20,0,LineString,"{""account_id"": ""59efd8b7-aeb9-401e-8a28-fd4e6d58aa62"", ""date"": ""2020-03-29"", ""gps_accuracy"": 5.0, ""id"": ""ee59faf4-0f04-420c-ac99-30f744e140a7"", ""model"": ""samsung SM-G960F"", ""type"": ""flat""}","LINESTRING (4.55134392 51.94009153, 4.55076456 51.94002539)",2026-05-20T08:29:33+00:00
panoramax,panoramax_xyz_mvt,13,13,4199,2708,https://api.panoramax.xyz/api/map/13/4199/2708.mvt,sequences,21,0,LineString,"{""account_id"": ""59efd8b7-aeb9-401e-8a28-fd4e6d58aa62"", ""date"": ""2020-03-29"", ""gps_accuracy"": 5.0, ""id"": ""9ea37403-70cf-4fd6-a445-f3dbcf3cb95f"", ""model"": ""samsung SM-G960F"", ""type"": ""flat""}","LINESTRING (4.53002572 51.93955578, 4.52955365 51.93958885, 4.52944636 51.93967484)",2026-05-20T08:29:33+00:00
panoramax,panoramax_xyz_mvt,13,13,4199,2708,https://api.panoramax.xyz/api/map/13/4199/2708.mvt,sequences,22,0,LineString,"{""account_id"": ""59efd8b7-aeb9-401e-8a28-fd4e6d58aa62"", ""date"": ""2019-03-18"", ""gps_accuracy"": 5.0, ""id"": ""dd304252-7017-4fae-9da5-ef7df5984d57"", ""model"": ""samsung SM-A520F"", ""type"": ""flat""}","LINESTRING (4.52684999 51.93999894, 4.52639937 51.94004523, 4.52641010 51.93993279)",2026-05-20T08:29:33+00:00
panoramax,panoramax_xyz_mvt,13,13,4199,2708,https://api.panoramax.xyz/api/map/13/4199/2708.mvt,sequences,23,0,LineString,"{""account_id"": ""59efd8b7-aeb9-401e-8a28-fd4e6d58aa62"", ""date"": ""2019-03-18"", ""gps_accuracy"": 5.0, ""id"": ""d4abad19-e93c-4bc9-98b2-6b9c6d239959"", ""model"": ""samsung SM-A520F"", ""type"": ""flat""}","LINESTRING (4.56584930 51.94175827, 4.56561327 51.94189716, 4.56549525 51.94187071)",2026-05-20T08:29:33+00:00
panoramax,panoramax_xyz_mvt,13,13,4199,2708,https://api.panoramax.xyz/api/map/13/4199/2708.mvt,sequences,24,0,LineString,"{""account_id"": ""59efd8b7-aeb9-401e-8a28-fd4e6d58aa62"", ""date"": ""2020-03-29"", ""gps_accuracy"": 5.0, ""id"": ""4ee59dbd-31db-4de5-847e-a7718f6a7e3a"", ""model"": ""samsung SM-G960F"", ""type"": ""flat""}","LINESTRING (4.54545379 51.94154001, 4.54562545 51.94160615)",2026-05-20T08:29:33+00:00
panoramax,panoramax_xyz_mvt,13,13,4199,2708,https://api.panoramax.xyz/api/map/13/4199/2708.mvt,sequences,25,0,LineString,"{""account_id"": ""59efd8b7-aeb9-401e-8a28-fd4e6d58aa62"", ""date"": ""2020-03-29"", ""gps_accuracy"": 5.0, ""id"": ""320983f2-e40e-4316-88b5-166e702a682c"", ""model"": ""samsung SM-G960F"", ""type"": ""flat""}","LINESTRING (4.56523776 51.94179134, 4.56548452 51.94191039, 4.56561327 51.94187732, 4.56564546 51.94191701)",2026-05-20T08:29:33+00:00
panoramax,panoramax_xyz_mvt,13,13,4199,2708,https://api.panoramax.xyz/api/map/13/4199/2708.mvt,sequences,26,0,LineString,"{""account_id"": ""59efd8b7-aeb9-401e-8a28-fd4e6d58aa62"", ""date"": ""2020-03-29"", ""gps_accuracy"": 5.0, ""id"": ""02b51c7b-179f-40ae-8239-2f8e58f182d9"", ""model"": ""samsung SM-G960F"", ""type"": ""flat""}","LINESTRING (4.52710748 51.93966161, 4.52704310 51.93968807, 4.52688217 51.93987327, 4.52682853 51.93999894, 4.52639937 51.93999894)",2026-05-20T08:29:33+00:00
panoramax,panoramax_xyz_mvt,13,13,4199,2708,https://api.panoramax.xyz/api/map/13/4199/2708.mvt,sequences,27,0,LineString,"{""account_id"": ""59efd8b7-aeb9-401e-8a28-fd4e6d58aa62"", ""date"": ""2019-03-18"", ""gps_accuracy"": 5.0, ""id"": ""961c1857-fb39-4e4a-9882-81fd88e38768"", ""model"": ""samsung SM-A520F"", ""type"": ""flat""}","LINESTRING (4.54399467 51.94144080, 4.54375863 51.94181118, 4.54359770 51.94195008, 4.54372644 51.94200960, 4.54354405 51.94206913)",2026-05-20T08:29:33+00:00
panoramax,panoramax_xyz_mvt,13,13,4199,2708,https://api.panoramax.xyz/api/map/13/4199/2708.mvt,sequences,28,0,LineString,"{""account_id"": ""59efd8b7-aeb9-401e-8a28-fd4e6d58aa62"", ""date"": ""2020-03-29"", ""gps_accuracy"": 5.0, ""id"": ""9bc7ce87-e18e-49b6-a27b-ea977e7c368b"", ""model"": ""samsung SM-G960F"", ""type"": ""flat""}","LINESTRING (4.54619408 51.94170536, 4.54621553 51.94183103, 4.54621553 51.94180457, 4.54573274 51.94164584)",2026-05-20T08:29:33+00:00
panoramax,panoramax_xyz_mvt,13,13,4199,2708,https://api.panoramax.xyz/api/map/13/4199/2708.mvt,sequences,29,0,LineString,"{""account_id"": ""59efd8b7-aeb9-401e-8a28-fd4e6d58aa62"", ""date"": ""2020-03-29"", ""gps_accuracy"": 5.0, ""id"": ""bccd606d-e5d4-4b64-a07b-aefc85ff7092"", ""model"": ""samsung SM-G960F"", ""type"": ""flat""}","LINESTRING (4.54411268 51.94146065, 4.54391956 51.94154001, 4.54378009 51.94191701, 4.54371572 51.94202283, 4.54359770 51.94207574, 4.54357624 51.94213526)",2026-05-20T08:29:33+00:00
panoramax,panoramax_xyz_mvt,13,13,4199,2708,https://api.panoramax.xyz/api/map/13/4199/2708.mvt,sequences,30,0,LineString,"{""account_id"": ""59efd8b7-aeb9-401e-8a28-fd4e6d58aa62"", ""date"": ""2020-03-29"", ""gps_accuracy"": 5.0, ""id"": ""dfab0e21-1be0-42ee-8c2a-c3507e0a35d3"", ""model"": ""samsung SM-G960F"", ""type"": ""flat""}","LINESTRING (4.54756737 51.93955578, 4.54736352 51.93951610, 4.54702020 51.93992618)",2026-05-20T08:29:33+00:00
panoramax,panoramax_xyz_mvt,13,13,4199,2708,https://api.panoramax.xyz/api/map/13/4199/2708.mvt,sequences,31,0,LineString,"{""account_id"": ""59efd8b7-aeb9-401e-8a28-fd4e6d58aa62"", ""date"": ""2020-03-29"", ""gps_accuracy"": 5.0, ""id"": ""e37b59db-fdf1-475c-8743-72f5289fb1e4"", ""model"": ""samsung SM-G960F"", ""type"": ""flat""}","LINESTRING (4.54876900 51.93972114, 4.54875827 51.93971452)",2026-05-20T08:29:33+00:00
panoramax,panoramax_xyz_mvt,13,13,4199,2710,https://api.panoramax.xyz/api/map/13/4199/2710.mvt,sequences,0,0,LineString,"{""account_id"": ""3eb392ee-692b-45b8-9a4e-fe9f0b386afa"", ""date"": ""2025-01-19"", ""gps_accuracy"": 4.0, ""h_pixel_density"": 16, ""id"": ""90f072ab-49b3-4084-9e94-08eae6a8d5f3"", ""model"": ""GoPro Max"", ""type"": ""equirectangular""}","LINESTRING (4.57305908 51.87558354, 4.57283378 51.87549743, 4.57227588 51.87527885, 4.57168579 51.87505364, 4.57113862 51.87483506, 4.57053781 51.87460322, 4.56993699 51.87436476, 4.56932545 51.87412630, 4.56864953 51.87386797, 4.56799507 51.87361626, 4.56735134 51.87336455, 4.56664324 51.87309297, 4.56597805 51.87282800, 4.56532359 51.87258291, 4.56463695 51.87232457, 4.56397176 51.87209272, 4.56329584 51.87188737, 4.56257701 51.87170852, 4.56183672 51.87156279, 4.56108570 51.87143030, 4.56037760 51.87125807, 4.55966949 51.87105934, 4.55904722 51.87083411, 4.55846786 51.87058238, 4.55794215 51.87032403, 4.55745935 51.87006568, 4.55696583 51.86980070, 4.55644011 51.86953572, 4.55586076 51.86925748, 4.55527067 51.86899912, 4.55466986 51.86875401, 4.55407977 51.86852215, 4.55353260 51.86830353, 4.55304980 51.86811804, 4.55259919 51.86794579, 4.55219150 51.86780667, 4.55183744 51.86767417, 4.55149412 51.86757480, 4.55118299 51.86754168, 4.55089331 51.86758805, 4.55066800 51.86769405, 4.55052853 51.86785967, 4.55051780 51.86804516, 4.55062509 51.86821741, 4.55087185 51.86834990, 4.55116153 51.86844265, 4.55146194 51.86854864, 4.55173016 51.86866789, 4.55198765 51.86879376, 4.55223441 51.86885338, 4.55245972 51.86880038, 4.55265284 51.86866789, 4.55291033 51.86849565, 4.55321074 51.86829690, 4.55355406 51.86810479, 4.55405831 51.86790604, 4.55445528 51.86768742, 4.55465913 51.86743568, 4.55484152 51.86719056, 4.55493808 51.86697856, 4.55491662 51.86678644, 4.55485225 51.86666056, 4.55480933 51.86659431, 4.55478787 51.86656781, 4.55479860 51.86656119, 4.55478787 51.86654131, 4.55473423 51.86646844, 4.55463767 51.86634256, 4.55450892 51.86619019, 4.55432653 51.86601131, 4.55411196 51.86581918, 4.55387592 51.86562705, 4.55357552 51.86544155, 4.55321074 51.86528917, 4.55279231 51.86515004, 4.55236316 51.86501091, 4.55192327 51.86487841, 4.55151558 51.86476578, 4.55107570 51.86465315, 4.55070019 51.86456702, 4.55035686 51.86448751, 4.55000281 51.86440801, 4.54962730 51.86430863, 4.54923034 51.86421588, 4.54879045 51.86410987, 4.54833984 51.86401049, 4.54786777 51.86391111, 4.54739571 51.86380510, 4.54692364 51.86370572, 4.54639792 51.86359309, 4.54590440 51.86348046, 4.54537868 51.86337445, 4.54487443 51.86326181, 4.54435945 51.86315581, 4.54385519 51.86304980, 4.54330802 51.86294379, 4.54279304 51.86286428, 4.54228878 51.86279803, 4.54184890 51.86275165, 4.54151630 51.86272515, 4.54125881 51.86271190, 4.54111934 51.86272515, 4.54110861 51.86273177, 4.54108715 51.86273840, 4.54097986 51.86276490, 4.54076529 51.86278478, 4.54052925 51.86274502, 4.54032540 51.86269202, 4.54006791 51.86266552, 4.53975677 51.86268539, 4.53939199 51.86269864, 4.53899503 51.86270527, 4.53813672 51.86269202, 4.53738570 51.86269202, 4.53714967 51.86268539, 4.53659177 51.86268539, 4.53640938 51.86265889, 4.53629136 51.86255951, 4.53630209 51.86242700, 4.53630209 51.86226135, 4.53631282 51.86206921, 4.53630209 51.86185719, 4.53626990 51.86163854, 4.53624845 51.86140001, 4.53624845 51.86122774)",2026-05-20T08:29:34+00:00
panoramax,panoramax_xyz_mvt,13,13,4199,2710,https://api.panoramax.xyz/api/map/13/4199/2710.mvt,sequences,1,0,LineString,"{""account_id"": ""f887e536-ca60-4c70-8f0c-fd480787296c"", ""date"": ""2020-07-15"", ""id"": ""1de6f4a1-73ac-4c75-ab7f-2a2aabddf50a"", ""model"": """", ""type"": ""flat""}","LINESTRING (4.55772758 51.86787292, 4.55789924 51.86805841, 4.55777049 51.86800541)",2026-05-20T08:29:34+00:00
panoramax,panoramax_xyz_mvt,13,13,4200,2708,https://api.panoramax.xyz/api/map/13/4200/2708.mvt,sequences,0,0,LineString,"{""account_id"": ""59efd8b7-aeb9-401e-8a28-fd4e6d58aa62"", ""date"": ""2020-03-28"", ""gps_accuracy"": 5.0, ""id"": ""5aab6396-af08-48ba-9cfc-76006adfa670"", ""model"": ""samsung SM-G960F"", ""type"": ""flat""}","LINESTRING (4.60630774 51.94367627, 4.60626483 51.94369611, 4.60582495 51.94404663)",2026-05-20T08:29:35+00:00
panoramax,panoramax_xyz_mvt,13,13,4200,2708,https://api.panoramax.xyz/api/map/13/4200/2708.mvt,sequences,1,0,LineString,"{""account_id"": ""59efd8b7-aeb9-401e-8a28-fd4e6d58aa62"", ""date"": ""2020-03-28"", ""gps_accuracy"": 5.0, ""id"": ""dbcfee71-b90f-4f6b-a102-1fcf5d9c1375"", ""model"": ""samsung SM-G960F"", ""type"": ""flat""}","LINESTRING (4.60390449 51.94411277, 4.60386157 51.94408631, 4.60387230 51.94408631, 4.60349679 51.94440376, 4.60333586 51.94458233)",2026-05-20T08:29:35+00:00
panoramax,panoramax_xyz_mvt,13,13,4200,2708,https://api.panoramax.xyz/api/map/13/4200/2708.mvt,sequences,2,0,LineString,"{""account_id"": ""59efd8b7-aeb9-401e-8a28-fd4e6d58aa62"", ""date"": ""2020-03-28"", ""gps_accuracy"": 5.0, ""id"": ""6b6b3d77-23f9-4d70-873e-61081676f5ec"", ""model"": ""samsung SM-G960F"", ""type"": ""flat""}","LINESTRING (4.60317492 51.94464185, 4.60321784 51.94462201, 4.60342169 51.94453603, 4.60376501 51.94411938, 4.60386157 51.94406647, 4.60397959 51.94407309, 4.60414052 51.94420536, 4.60416198 51.94421858, 4.60424781 51.94423181, 4.60436583 51.94427811, 4.60477352 51.94452281, 4.60490227 51.94459556, 4.60494518 51.94464846, 4.60502028 51.94464185, 4.60553527 51.94429795, 4.60605025 51.94392759, 4.60626483 51.94382838, 4.60633993 51.94376225, 4.60625410 51.94375563)",2026-05-20T08:29:35+00:00
panoramax,panoramax_xyz_mvt,13,13,4200,2708,https://api.panoramax.xyz/api/map/13/4200/2708.mvt,sequences,3,0,LineString,"{""account_id"": ""59efd8b7-aeb9-401e-8a28-fd4e6d58aa62"", ""date"": ""2019-03-18"", ""gps_accuracy"": 5.0, ""id"": ""175c7bd1-426e-4468-9d00-6a8b22c3fd09"", ""model"": ""samsung SM-A520F"", ""type"": ""flat""}","LINESTRING (4.57739353 51.94503866, 4.57705021 51.94455587, 4.57698584 51.94444344, 4.57682490 51.94442360, 4.57653522 51.94431779, 4.57598805 51.94387468, 4.57593441 51.94347125, 4.57538724 51.94361013, 4.57515121 51.94380854, 4.57506537 51.94373579, 4.57434654 51.94387468, 4.57405686 51.94388129, 4.57383156 51.94374902, 4.57373500 51.94371595, 4.57398176 51.94378870)",2026-05-20T08:29:35+00:00
panoramax,panoramax_xyz_mvt,13,13,4200,2708,https://api.panoramax.xyz/api/map/13/4200/2708.mvt,sequences,4,0,LineString,"{""account_id"": ""59efd8b7-aeb9-401e-8a28-fd4e6d58aa62"", ""date"": ""2019-03-18"", ""gps_accuracy"": 5.0, ""id"": ""382959f6-8889-4a48-b510-596fbd655fa2"", ""model"": ""samsung SM-A520F"", ""type"": ""flat""}","LINESTRING (4.57061291 51.94218818, 4.57052708 51.94211542, 4.57048416 51.94210881, 4.57048416 51.94218156, 4.57045197 51.94220140, 4.57032323 51.94236014, 4.57025886 51.94247918)",2026-05-20T08:29:35+00:00
panoramax,panoramax_xyz_mvt,13,13,4200,2708,https://api.panoramax.xyz/api/map/13/4200/2708.mvt,sequences,5,0,LineString,"{""account_id"": ""59efd8b7-aeb9-401e-8a28-fd4e6d58aa62"", ""date"": ""2019-03-18"", ""gps_accuracy"": 5.0, ""id"": ""539ef9cd-e6c6-440a-b484-8e08e56aa54c"", ""model"": ""samsung SM-A520F"", ""type"": ""flat""}","LINESTRING (4.57257628 51.94321331, 4.57249045 51.94314056, 4.57235098 51.94304136, 4.57219005 51.94299506)",2026-05-20T08:29:35+00:00
panoramax,panoramax_xyz_mvt,13,13,4200,2708,https://api.panoramax.xyz/api/map/13/4200/2708.mvt,sequences,6,0,LineString,"{""account_id"": ""59efd8b7-aeb9-401e-8a28-fd4e6d58aa62"", ""date"": ""2020-03-28"", ""gps_accuracy"": 5.0, ""id"": ""7eefbe44-a374-48da-8851-2faad02a6984"", ""model"": ""samsung SM-G960F"", ""type"": ""flat""}","LINESTRING (4.57369208 51.94365643, 4.57365990 51.94365643, 4.57360625 51.94364981, 4.57355261 51.94363659, 4.57356334 51.94362997, 4.57371354 51.94363659, 4.57390666 51.94367627, 4.57392812 51.94368288, 4.57446456 51.94374902, 4.57488298 51.94362997)",2026-05-20T08:29:35+00:00
panoramax,panoramax_xyz_mvt,13,13,4200,2708,https://api.panoramax.xyz/api/map/13/4200/2708.mvt,sequences,7,0,LineString,"{""account_id"": ""59efd8b7-aeb9-401e-8a28-fd4e6d58aa62"", ""date"": ""2020-03-29"", ""gps_accuracy"": 5.0, ""id"": ""5eac0efe-a356-465c-a405-080e899509e8"", ""model"": ""samsung SM-G960F"", ""type"": ""flat""}","LINESTRING (4.57202911 51.94291569, 4.57210422 51.94298183, 4.57236171 51.94305458)",2026-05-20T08:29:35+00:00
panoramax,panoramax_xyz_mvt,13,13,4200,2708,https://api.panoramax.xyz/api/map/13/4200/2708.mvt,sequences,8,0,LineString,"{""account_id"": ""59efd8b7-aeb9-401e-8a28-fd4e6d58aa62"", ""date"": ""2020-03-28"", ""gps_accuracy"": 5.0, ""id"": ""7aaf0890-e464-4bce-b0b1-789fb68b8fb0"", ""model"": ""samsung SM-G960F"", ""type"": ""flat""}","LINESTRING (4.61113572 51.94404002, 4.61117864 51.94401356, 4.61130738 51.94394743)",2026-05-20T08:29:35+00:00
panoramax,panoramax_xyz_mvt,13,13,4200,2708,https://api.panoramax.xyz/api/map/13/4200/2708.mvt,sequences,9,0,LineString,"{""account_id"": ""59efd8b7-aeb9-401e-8a28-fd4e6d58aa62"", ""date"": ""2019-03-22"", ""gps_accuracy"": 5.0, ""id"": ""3fe7b280-072e-4ba9-b316-37bd70b6825e"", ""model"": ""samsung SM-A520F"", ""type"": ""flat""}","LINESTRING (4.61387157 51.94218156, 4.61395741 51.94214849)",2026-05-20T08:29:35+00:00
panoramax,panoramax_xyz_mvt,13,13,4200,2708,https://api.panoramax.xyz/api/map/13/4200/2708.mvt,sequences,10,0,LineString,"{""account_id"": ""59efd8b7-aeb9-401e-8a28-fd4e6d58aa62"", ""date"": ""2020-03-29"", ""gps_accuracy"": 5.0, ""id"": ""010553a8-9607-484f-a1f9-c6e991368c94"", ""model"": ""samsung SM-G960F"", ""type"": ""flat""}","LINESTRING (4.57060218 51.94209558, 4.57035542 51.94233368, 4.57028031 51.94244612)",2026-05-20T08:29:35+00:00
panoramax,panoramax_xyz_mvt,13,13,4200,2708,https://api.panoramax.xyz/api/map/13/4200/2708.mvt,sequences,11,0,LineString,"{""account_id"": ""59efd8b7-aeb9-401e-8a28-fd4e6d58aa62"", ""date"": ""2020-03-28"", ""gps_accuracy"": 5.0, ""id"": ""2baec57e-077f-405a-8cff-681051cb2dcd"", ""model"": ""samsung SM-G960F"", ""type"": ""flat""}","LINESTRING (4.61402178 51.94215511, 4.61402178 51.94214849)",2026-05-20T08:29:35+00:00
panoramax,panoramax_xyz_mvt,13,13,4200,2708,https://api.panoramax.xyz/api/map/13/4200/2708.mvt,sequences,12,0,LineString,"{""account_id"": ""59efd8b7-aeb9-401e-8a28-fd4e6d58aa62"", ""date"": ""2018-05-19"", ""gps_accuracy"": 5.0, ""id"": ""c0c30d43-7e0c-429b-b405-cecc47062f35"", ""model"": ""samsung SM-A520F"", ""type"": ""flat""}","LINESTRING (4.61396813 51.94214188, 4.61388230 51.94214849, 4.61382866 51.94219479, 4.61330295 51.94248580, 4.61262703 51.94293554)",2026-05-20T08:29:35+00:00
panoramax,panoramax_xyz_mvt,13,13,4200,2708,https://api.panoramax.xyz/api/map/13/4200/2708.mvt,sequences,13,0,LineString,"{""account_id"": ""59efd8b7-aeb9-401e-8a28-fd4e6d58aa62"", ""date"": ""2020-03-28"", ""gps_accuracy"": 5.0, ""id"": ""8cd7892a-3836-4fb3-bc9d-b0a5818474a6"", ""model"": ""samsung SM-G960F"", ""type"": ""flat""}","LINESTRING (4.61367846 51.94233368, 4.61378574 51.94222786, 4.61382866 51.94217495, 4.61385012 51.94216172)",2026-05-20T08:29:35+00:00
panoramax,panoramax_xyz_mvt,13,13,4200,2708,https://api.panoramax.xyz/api/map/13/4200/2708.mvt,sequences,14,0,MultiLineString,"{""account_id"": ""59efd8b7-aeb9-401e-8a28-fd4e6d58aa62"", ""date"": ""2018-05-19"", ""gps_accuracy"": 5.0, ""id"": ""b2014e60-7406-4047-92d5-7a59543d97b5"", ""model"": ""samsung SM-A520F"", ""type"": ""flat""}","MULTILINESTRING ((4.60249901 51.94516431, 4.60247755 51.94517754, 4.60242391 51.94521722, 4.60241318 51.94521722, 4.60239172 51.94516431, 4.60234880 51.94516431, 4.60229516 51.94517754, 4.60226297 51.94520399, 4.60218787 51.94528997), (4.60512757 51.94455587, 4.60508466 51.94456249, 4.60489154 51.94454265, 4.60448384 51.94432440, 4.60431218 51.94425827, 4.60403323 51.94409293, 4.60399032 51.94408631, 4.60366845 51.94425827, 4.60332513 51.94457571), (4.60642576 51.94362336, 4.60583568 51.94403340), (4.61036325 51.94441699, 4.61023450 51.94451619, 4.61022377 51.94454926, 4.61023450 51.94468814, 4.60989118 51.94464846, 4.60823894 51.94362997, 4.60845351 51.94302151, 4.60875392 51.94282972, 4.60895777 51.94264453, 4.60894704 51.94253209, 4.60883975 51.94244612, 4.60877538 51.94241966, 4.60857153 51.94239982, 4.60834622 51.94240643, 4.60834622 51.94239982, 4.60795999 51.94254532, 4.60794926 51.94255855, 4.60792780 51.94256516, 4.60739136 51.94296199))",2026-05-20T08:29:35+00:00
panoramax,panoramax_xyz_mvt,13,13,4200,2708,https://api.panoramax.xyz/api/map/13/4200/2708.mvt,sequences,15,0,LineString,"{""account_id"": ""59efd8b7-aeb9-401e-8a28-fd4e6d58aa62"", ""date"": ""2020-03-29"", ""gps_accuracy"": 5.0, ""id"": ""51419124-68da-4e53-b22f-bb6f7e9ee16f"", ""model"": ""samsung SM-G960F"", ""type"": ""flat""}","LINESTRING (4.56969023 51.94239320, 4.57019448 51.94247918, 4.57040906 51.94224109, 4.57046270 51.94212204, 4.57047343 51.94208897)",2026-05-20T08:29:35+00:00
panoramax,panoramax_xyz_mvt,13,13,4200,2708,https://api.panoramax.xyz/api/map/13/4200/2708.mvt,sequences,16,0,LineString,"{""account_id"": ""59efd8b7-aeb9-401e-8a28-fd4e6d58aa62"", ""date"": ""2019-03-22"", ""gps_accuracy"": 5.0, ""id"": ""6b2af368-bec0-4029-9410-25a2fa10c831"", ""model"": ""samsung SM-A520F"", ""type"": ""flat""}","LINESTRING (4.61324930 51.94263130, 4.61369991 51.94229400)",2026-05-20T08:29:35+00:00
panoramax,panoramax_xyz_mvt,13,13,4200,2708,https://api.panoramax.xyz/api/map/13/4200/2708.mvt,sequences,17,0,LineString,"{""account_id"": ""59efd8b7-aeb9-401e-8a28-fd4e6d58aa62"", ""date"": ""2018-05-19"", ""gps_accuracy"": 5.0, ""id"": ""21dba451-84ad-43f3-9542-92cc0617f02b"", ""model"": ""samsung SM-A520F"", ""type"": ""flat""}","LINESTRING (4.60894704 51.94252548, 4.60833549 51.94239982)",2026-05-20T08:29:35+00:00
panoramax,panoramax_xyz_mvt,13,13,4200,2708,https://api.panoramax.xyz/api/map/13/4200/2708.mvt,sequences,18,0,LineString,"{""account_id"": ""59efd8b7-aeb9-401e-8a28-fd4e6d58aa62"", ""date"": ""2020-03-28"", ""gps_accuracy"": 5.0, ""id"": ""c7ff17e5-8d1b-4c6e-a0e7-d94fa38c3b8e"", ""model"": ""samsung SM-G960F"", ""type"": ""flat""}","LINESTRING (4.60887194 51.94242627, 4.60843205 51.94238659, 4.60839987 51.94234691, 4.60839987 51.94235352, 4.60836768 51.94237998, 4.60832477 51.94236014)",2026-05-20T08:29:35+00:00
panoramax,panoramax_xyz_mvt,13,13,4200,2708,https://api.panoramax.xyz/api/map/13/4200/2708.mvt,sequences,19,0,LineString,"{""account_id"": ""59efd8b7-aeb9-401e-8a28-fd4e6d58aa62"", ""date"": ""2020-03-29"", ""gps_accuracy"": 5.0, ""id"": ""cbc0b16e-0f12-4b2c-837b-f5bdc79ea42a"", ""model"": ""samsung SM-G960F"", ""type"": ""flat""}","LINESTRING (4.57325220 51.94353738, 4.57346678 51.94365643)",2026-05-20T08:29:35+00:00
panoramax,panoramax_xyz_mvt,13,13,4200,2708,https://api.panoramax.xyz/api/map/13/4200/2708.mvt,sequences,20,0,LineString,"{""account_id"": ""59efd8b7-aeb9-401e-8a28-fd4e6d58aa62"", ""date"": ""2019-03-22"", ""gps_accuracy"": 5.0, ""id"": ""2a39af57-795f-48f7-aa1c-0fe7d76d8250"", ""model"": ""samsung SM-A520F"", ""type"": ""flat""}","LINESTRING (4.61126447 51.94400034, 4.61133957 51.94397388)",2026-05-20T08:29:35+00:00
panoramax,panoramax_xyz_mvt,13,13,4200,2708,https://api.panoramax.xyz/api/map/13/4200/2708.mvt,sequences,21,0,LineString,"{""account_id"": ""59efd8b7-aeb9-401e-8a28-fd4e6d58aa62"", ""date"": ""2020-03-29"", ""gps_accuracy"": 5.0, ""id"": ""d736652a-1a66-4d8c-93ef-be75df1e3b3d"", ""model"": ""samsung SM-G960F"", ""type"": ""flat""}","LINESTRING (4.57255483 51.94316040, 4.57228661 51.94300829, 4.57219005 51.94296199)",2026-05-20T08:29:35+00:00
panoramax,panoramax_xyz_mvt,13,13,4200,2708,https://api.panoramax.xyz/api/map/13/4200/2708.mvt,sequences,22,0,LineString,"{""account_id"": ""59efd8b7-aeb9-401e-8a28-fd4e6d58aa62"", ""date"": ""2020-03-28"", ""gps_accuracy"": 5.0, ""id"": ""890d2e24-9dfc-499f-adad-a4216bdb27ec"", ""model"": ""samsung SM-G960F"", ""type"": ""flat""}","LINESTRING (4.60808873 51.94253871, 4.60819602 51.94248580, 4.60838914 51.94244612, 4.60880756 51.94242627, 4.60885048 51.94242627)",2026-05-20T08:29:35+00:00
panoramax,panoramax_xyz_mvt,13,13,4200,2710,https://api.panoramax.xyz/api/map/13/4200/2710.mvt,sequences,0,0,LineString,"{""account_id"": ""3eb392ee-692b-45b8-9a4e-fe9f0b386afa"", ""date"": ""2025-01-19"", ""gps_accuracy"": 4.0, ""h_pixel_density"": 16, ""id"": ""90f072ab-49b3-4084-9e94-08eae6a8d5f3"", ""model"": ""GoPro Max"", ""type"": ""equirectangular""}","LINESTRING (4.59320784 51.86122774, 4.59311128 51.86129400, 4.59254265 51.86167830, 4.59198475 51.86204933, 4.59143758 51.86242037, 4.59085822 51.86279140, 4.59027886 51.86314918, 4.58972096 51.86348708, 4.58914161 51.86382498, 4.58856225 51.86415625, 4.58797216 51.86450076, 4.58739281 51.86483203, 4.58678126 51.86518317, 4.58618045 51.86553430, 4.58556890 51.86589206, 4.58496809 51.86623656, 4.58435655 51.86659431, 4.58375573 51.86693881, 4.58316565 51.86728331, 4.58256483 51.86762780, 4.58195329 51.86797229, 4.58133101 51.86833665, 4.58075166 51.86866789, 4.58017230 51.86900575, 4.57958221 51.86935023, 4.57903504 51.86968808, 4.57850933 51.87003918, 4.57800508 51.87041677, 4.57758665 51.87077449, 4.57722187 51.87110571, 4.57694292 51.87144355, 4.57676053 51.87179464, 4.57665324 51.87214572, 4.57664251 51.87249017, 4.57671762 51.87284125, 4.57687855 51.87319895, 4.57710385 51.87355665, 4.57731843 51.87389447, 4.57749009 51.87424553, 4.57753301 51.87458335, 4.57746863 51.87493441, 4.57726479 51.87525898, 4.57694292 51.87554379, 4.57653522 51.87578225, 4.57605243 51.87595446, 4.57552671 51.87605381, 4.57495809 51.87608031, 4.57441092 51.87602070, 4.57388520 51.87588822, 4.57337022 51.87570276, 4.57283378 51.87549743, 4.57227588 51.87527885, 4.57168579 51.87505364, 4.57113862 51.87483506, 4.57053781 51.87460322, 4.56993699 51.87436476, 4.56932545 51.87412630, 4.56864953 51.87386797, 4.56799507 51.87361626, 4.56756592 51.87345066)",2026-05-20T08:29:36+00:00
